batch,priority,status,title,url,repo_path,action
001,1,read,"The 11 Types of Trendy Graphic Design Paul Rand Hated","https://eyeondesign.aiga.org/the-11-types-of-trendy-graphic-design-paul-rand-hated/","overnight-ai-aesthetic/out/a-c2-20260603-095038-q96-the-11-types-of-trendy-graphic-design-paul-rand-ha.md","kept"
001,2,read,"How Computer Code Became a Modern Design Medium - an Oral History","https://eyeondesign.aiga.org/how-an-mit-research-group-turned-computer-code-into-a-modern-design-medium/","overnight-ai-aesthetic/out/a-c2-20260603-095633-q92-how-computer-code-became-a-modern-design-medium-an.md","kept"
001,3,read,"Celebrating Sore Popitz, the Bauhaus' Only Known Woman Graphic Designer","https://eyeondesign.aiga.org/sore-popitz-meet-the-bauhauss-only-known-woman-graphic-designer/","overnight-ai-aesthetic/out/a-c2-20260603-095657-q96-celebrating-s-re-popitz-the-bauhaus-only-known-wom.md","kept"
001,4,read,"Max Bill kontra Jan Tschichold: Der Typografiestreit der Moderne","https://typographica.org/typography-books/max-bill-kontra-jan-tschichold-der-typografiestreit-der-moderne/","overnight-ai-aesthetic/out/a-c1-20260603-042305-q89-max-bill-kontra-jan-tschichold-der-typografiestrei.md","kept"
001,5,read,"Colin Forbes on the Structure of Pentagram","https://www.pentagram.com/news/colin-forbes-on-the-structure-of-pentagram","overnight-ai-aesthetic/out/a-c6-20260603-115755-q100-colin-forbes-on-the-structure-of-pentagram.md","kept"
001,6,read,"Epically Long - How Pentagram Chooses Its New Partners","https://eyeondesign.aiga.org/epically-long-how-pentagram-chooses-its-new-partners/","overnight-ai-aesthetic/out/a-c6-20260603-120018-q100-epically-long-how-pentagram-chooses-its-new-partne.md","kept"
001,7,read_duplicate,"Pentagram - The world's largest independent design consultancy","https://www.pentagram.com","overnight-ai-aesthetic/out/a-c6-20260603-183030-q100-pentagram-the-world-s-largest-independent-design-c.md","kept"
001,8,read_duplicate,"Pentagram - The world's largest independent design consultancy","http://www.pentagram.com/","overnight-ai-aesthetic/out/a-c7-20260603-120722-q99-pentagram-the-world-s-largest-independent-design-c.md","kept"
001,9,read,"Live from New York: The Lorne Michaels Collection","https://www.pentagram.com/work/live-from-new-york-the-lorne-michaels-collection","overnight-ai-aesthetic/out/a-c6-20260603-183329-q100-live-from-new-york-the-lorne-michaels-collection.md","kept"
001,10,read,"Pentagram Arts & Culture index","https://www.pentagram.com/arts-culture","overnight-ai-aesthetic/out/a-c6-20260603-183052-q100-pentagram.md","kept"
002,11,read,"Riz Ahmed's new show Bait has a spy-spoof title sequence masterminded by Pentagram partners","https://www.itsnicethat.com/articles/luke-powell-jody-hudson-powell-bait-titles-graphic-design-project-200426","overnight-ai-aesthetic/out/a-c6-20260603-183452-q100-riz-ahmed-s-new-show-bait-has-a-spy-spoof-title-se.md","kept"
002,12,read,"MoN Takanawa: The Museum of Narratives","https://www.pentagram.com/work/mon-takanawa-the-museum-of-narratives","overnight-ai-aesthetic/out/a-c6-20260603-183411-q89-mon-takanawa-the-museum-of-narratives.md","kept"
002,13,read,"St Paul's Cathedral","https://www.pentagram.com/work/st-paul-s-cathedral","overnight-ai-aesthetic/out/a-c6-20260603-183447-q100-st-paul-s-cathedral.md","kept"
002,14,read_index,"Pentagram Entertainment index","https://www.pentagram.com/entertainment","overnight-ai-aesthetic/out/a-c6-20260603-183106-q99-pentagram.md","kept"
002,15,read_index,"Work - Browse by type of client","https://www.pentagram.com/work","overnight-ai-aesthetic/out/a-c1-20260603-133411-q90-work-browse-by-type-of-client.md","kept"
002,16,read,"Mosaic Rooms","https://www.pentagram.com/work/mosaic-rooms","overnight-ai-aesthetic/out/a-c6-20260603-183402-q96-mosaic-rooms.md","kept"
002,17,read_index,"Pentagram Manufacturing & Industrials index","https://www.pentagram.com/manufacturing-industrials","overnight-ai-aesthetic/out/a-c6-20260603-183114-q100-pentagram.md","kept"
002,18,read_index,"Eye on Design homepage","https://eyeondesign.aiga.org/","overnight-ai-aesthetic/out/a-c1-20260603-133259-q91-eye-on-design-8211-aiga-eye-on-design.md","kept"
002,19,read,"The '80s Are Back, Baby","https://eyeondesign.aiga.org/the-80s-are-back-baby/","overnight-ai-aesthetic/out/a-c2-20260603-095103-q93-the-80s-are-back-baby-8211-eye-on-design.md","kept"
002,20,read,"Unconventional Sleep Aids Are in Vogue, and They're Designed To Chill You Out","https://eyeondesign.aiga.org/food-and-beverage-packaging-is-getting-very-sleepy/","overnight-ai-aesthetic/out/a-c2-20260603-095143-q85-unconventional-sleep-aids-are-in-vogue-and-they-re.md","kept"
003,21,deep_read,"Why Pay Transparency Matters in Job Negotiations","https://eyeondesign.aiga.org/why-pay-transparency-matters-in-job-negotiations/","overnight-ai-aesthetic/out/a-c2-20260603-095317-q91-why-pay-transparency-matters-in-job-negotiations-8.md","kept"
003,22,deep_read,"Can Better Labels Really Fix Recycling?","https://eyeondesign.aiga.org/can-better-labels-really-fix-recycling/","overnight-ai-aesthetic/out/a-c2-20260603-095356-q95-can-better-labels-really-fix-recycling-8211-eye-on.md","kept"
003,23,deep_read,"Tradeswomen Was the Magazine for Women in Blue-Collar Work During the 80s and 90s","https://eyeondesign.aiga.org/tradeswomen-was-the-magazine-for-women-in-blue-collar-work-during-the-80s-and-90s/","overnight-ai-aesthetic/out/a-c2-20260603-095459-q94-tradeswomen-was-the-magazine-for-women-in-blue-col.md","kept"
003,24,deep_read,"How Cranbrook's Design Program Redefined How We Make and Talk About Graphic Design","https://eyeondesign.aiga.org/how-cranbrooks-design-program-redefined-how-we-make-and-talk-about-graphic-design/","overnight-ai-aesthetic/out/a-c2-20260603-095626-q94-how-cranbrook-s-design-program-redefined-how-we-ma.md","kept"
003,25,deep_read,"In the 70s, the Dalit Panthers Made Pocket-Sized Magazines That Challenged Social Hierarchies in India","https://eyeondesign.aiga.org/in-the-70s-the-dalit-panthers-made-pocket-sized-magazines-that-challenged-social-hierarchies-in-india/","overnight-ai-aesthetic/out/a-c2-20260603-095713-q95-in-the-70s-the-dalit-panthers-made-pocket-sized-ma.md","kept"
004,26,deep_read_index,"Eye on Design profile/category index","https://eyeondesign.aiga.org/category/design/profile/","overnight-ai-aesthetic/out/a-c2-20260603-095939-q91-eye-on-design-8211-aiga-eye-on-design.md","kept"
004,27,deep_read,"Compilation: 15 Hilarious Google Flops","https://webdesignerdepot.com/compilation-15-hilarious-google-flops/","overnight-ai-aesthetic/out/a-c4-20260603-172519-q100-compilation-15-hilarious-google-flops.md","kept"
004,28,deep_read,"A Grammar of Typography: Classical Book Design in the Digital Age","https://typographica.org/typography-books/a-grammar-of-typography-classical-book-design-in-the-digital-age/","overnight-ai-aesthetic/out/a-c5-20260603-180436-q100-a-grammar-of-typography-classical-book-design-in-t.md","kept"
004,29,deep_read,"Size-specific Adjustments to Type Designs","https://typographica.org/typography-books/size-specific-adjustments-to-type-designs/","overnight-ai-aesthetic/out/a-c5-20260603-180441-q98-size-specific-adjustments-to-type-designs-8211-typ.md","kept"
004,30,deep_read,"The Elements of Typographic Style, Version 4.0","https://typographica.org/typography-books/the-elements-of-typographic-style-4th-edition/","overnight-ai-aesthetic/out/a-c1-20260603-042307-q88-the-elements-of-typographic-style-version-nbsp-4-0.md","kept"
005,31,deep_read,"Just My Type: A Book About Fonts","https://typographica.org/typography-books/just-my-type-a-book-about-fonts/","overnight-ai-aesthetic/out/a-c5-20260603-180458-q100-just-my-type-a-book-about-fonts-8211-typographica.md","kept"
005,32,deep_read,"Chahine & Samarskaya Cochair TDC's 25th Type Design Competition","https://typographica.org/on-typography/interview/nadine-chahine-ksenya-samarskaya-cochair-the-tdcs-25th-typeface-design-competition/","overnight-ai-aesthetic/out/a-c5-20260603-180524-q89-chahine-038-samarskaya-cochair-tdc-s-25th-type-des.md","kept"
005,33,deep_read,"Type Design in the Museum: Acquiring the Immaterial","https://typographica.org/on-typography/type-design-in-the-museum-acquiring-the-immaterial/","overnight-ai-aesthetic/out/a-c1-20260603-042319-q90-type-design-in-the-museum-acquiring-the-immaterial.md","kept"
005,34,deep_read,"Carolina Laudon","https://typographica.org/on-typography/interview/carolina-laudon/","overnight-ai-aesthetic/out/a-c1-20260603-042321-q87-carolina-laudon-8211-typographica.md","kept"
005,35,deep_read,"Our Favorite Typefaces of 2005","https://typographica.org/on-typography/our-favorite-typefaces-of-2005/","overnight-ai-aesthetic/out/a-c5-20260603-180718-q97-our-favorite-typefaces-of-2005-8211-typographica.md","kept"
006,36,low_value_asset,"Typographica CSS asset","https://typographica.org/wp-content/themes/typo/style.css","overnight-ai-aesthetic/out/a-c3-20260603-100249-q89-https-typographica-org-wp-content-themes-typo-styl.md","kept"
006,37,low_value_index,"Comments for Typographica","https://typographica.org/comments/feed/","overnight-ai-aesthetic/out/a-c3-20260603-100312-q95-comments-for-typographica.md","kept"
006,38,low_value_api,"Typographica WP JSON","https://typographica.org/wp-json/","overnight-ai-aesthetic/out/a-c3-20260603-100409-q86-https-typographica-org-wp-json.md","kept"
006,39,deep_read,"Logo Design Trends for 2026: What I'm Actually Seeing","https://webdesignerdepot.com/logo-design-trends-for-2026-what-im-actually-seeing-and-what-most-designers-are-missing/","overnight-ai-aesthetic/out/a-c4-20260603-172236-q100-logo-design-trends-for-2026-what-i-m-actually-seei.md","kept"
006,40,deep_read,"The Great Transition: Why the Design World is Re-Evaluating Figma","https://webdesignerdepot.com/the-great-transition-why-the-design-world-is-re-evaluating-figma/","overnight-ai-aesthetic/out/a-c4-20260603-172329-q100-the-great-transition-why-the-design-world-is-re-ev.md","kept"
006,41,deep_read,"Inside London's Wolff Olins and Pentagram Studios","https://eyeondesign.aiga.org/city-guides/london/inside-londons-wolff-olins-and-pentagram-studios/","overnight-ai-aesthetic/out/a-c6-20260603-115733-q100-inside-london-s-wolff-olins-and-pentagram-studios-.md","kept"
006,42,deep_read,"Michael Gericke on Maintaining Pentagram's Rep","https://eyeondesign.aiga.org/michael-gericke-on-maintaining-pentagrams-rep-his-biggest-regrets-how-he-nearly-became-a-ski-bum-instead/","overnight-ai-aesthetic/out/a-c6-20260603-120108-q100-michael-gericke-on-maintaining-pentagram-s-rep-his.md","kept"
006,43,low_value_asset,"Pentagram CSS asset","https://www.pentagram.com/build/main/assets/index-Ba6h7bZK.css","overnight-ai-aesthetic/out/a-c6-20260603-182812-q85-https-www-pentagram-com-build-main-assets-index-ba.md","kept"
006,44,deep_read,"Tech Minimalism is Out. Welcome to the Squishy, Microbial World of the Biobrand","https://eyeondesign.aiga.org/tech-minimalism-is-out-welcome-to-the-squishy-microbial-world-of-the-biobrand/","overnight-ai-aesthetic/out/a-c2-20260603-095443-q94-tech-minimalism-is-out-welcome-to-the-squishy-micr.md","kept"
006,45,deep_read,"Cruelty-Free? Don't Believe All the Cute Bunny Labels","https://eyeondesign.aiga.org/cruelty-free-dont-believe-all-the-cute-bunny-labels/","overnight-ai-aesthetic/out/a-c2-20260603-095547-q94-cruelty-free-don-t-believe-all-the-cute-bunny-labe.md","kept"
006,46,deep_read,"PHASE 2's Party Flyers Created a Visual Language for Hip-Hop","https://eyeondesign.aiga.org/in-the-late-70s-in-the-bronx-phase-2s-party-flyers-created-a-visual-language-for-hip-hop/","overnight-ai-aesthetic/out/a-c2-20260603-095618-q94-in-the-late-70s-in-the-bronx-phase-2-s-party-flyer.md","kept"
006,47,deep_read,"Our Favorite Typefaces of 2004","https://typographica.org/on-typography/our-favorite-typefaces-of-2004/","overnight-ai-aesthetic/out/a-c5-20260603-180726-q100-our-favorite-typefaces-nbsp-of-nbsp-2004-8211-typo.md","kept"
006,48,deep_read,"Not Useless: Why Experimental Websites Matter More Than You Think","https://webdesignerdepot.com/not-useless-why-experimental-websites-matter-more-than-you-think/","overnight-ai-aesthetic/out/a-c4-20260603-172245-q100-not-useless-why-experimental-websites-matter-more-.md","kept"
006,49,skimmed,"10 New Year's Resolutions Every Web Designer Will Definitely Break","https://webdesignerdepot.com/10-new-years-resolutions-every-web-designer-will-definitely-break/","overnight-ai-aesthetic/out/a-c4-20260603-172548-q100-10-new-year-s-resolutions-every-web-designer-will-.md","kept"
006,50,deep_read,"Samar Maakaroun's visual identity for The Mosaic Rooms","https://www.itsnicethat.com/articles/samar-maakaroun-the-mosaic-rooms-identity-graphic-design-project-060526","overnight-ai-aesthetic/out/a-c6-20260603-183430-q100-samar-maakaroun-s-visual-identity-for-the-mosaic-r.md","kept"
007,51,read_index,"Web Design Blog | Web Designer Depot","http://webdesignerdepot.com/","overnight-ai-aesthetic/out/a-c4-20260603-172348-q90-web-design-blog-web-designer-depot.md","kept"
007,52,deep_read,"Stacy Kranitz intimately photographs the victims of the juvenile justice system in Rutherford County","https://www.itsnicethat.com/articles/stacy-kranitz-rutherford-county-photography-191121","overnight-ai-aesthetic/out/a-c3-20260603-171724-q90-stacy-kranitz-intimately-photographs-the-victims-o.md","kept"
007,53,deep_read,"ABC Laica","https://typographica.org/typeface-reviews/laica/","overnight-ai-aesthetic/out/a-c5-20260603-180427-q95-abc-laica-8211-typographica.md","kept"
007,54,read_index,"Work — Browse by type of client","https://www.pentagram.com/work?page=2","overnight-ai-aesthetic/out/a-c6-20260603-183146-q100-work-browse-by-type-of-client.md","kept"
007,55,read_index,"Events","https://www.pentagram.com/news/category/events","overnight-ai-aesthetic/out/a-c6-20260603-183239-q91-events.md","kept"
007,56,deep_read,"FUSE 1–20","https://typographica.org/typography-books/fuse-1-20/","overnight-ai-aesthetic/out/a-c5-20260603-180451-q89-fuse-1-20-8211-typographica.md","kept"
007,57,deep_read,"Why Every Web Designer Secretly Hates Their Past Work","https://webdesignerdepot.com/why-every-web-designer-secretly-hates-their-past-work/","overnight-ai-aesthetic/out/a-c4-20260603-172508-q96-why-every-web-designer-secretly-hates-their-past-w.md","kept"
007,58,read_index,"Poster Picks","https://eyeondesign.aiga.org/category/design-series/poster-picks/","overnight-ai-aesthetic/out/a-c3-20260603-100101-q79-poster-picks-8211-eye-on-design.md","kept"
007,59,read_index,"Commentary","https://www.pentagram.com/news/category/commentary","overnight-ai-aesthetic/out/a-c6-20260603-183248-q100-commentary.md","kept"
007,60,deep_read,"IEEE Honors Ceremony 2026","https://www.pentagram.com/work/ieee-honors-ceremony-2026","overnight-ai-aesthetic/out/a-c6-20260603-183202-q86-ieee-honors-ceremony-2026.md","kept"
007,61,read_index,"Design + Art","https://eyeondesign.aiga.org/category/design-plus/art/","overnight-ai-aesthetic/out/a-c2-20260603-095858-q85-design-art-8211-eye-on-design.md","kept"
007,62,deep_read,"Bait","https://www.pentagram.com/work/bait","overnight-ai-aesthetic/out/a-c6-20260603-183420-q90-bait.md","kept"
008,63,deep_read_index,"Glyphs Tutorials","https://glyphsapp.com/learn/feed","/tmp/design-study/auto-v5/design/a-20260604-002010-q9D-glyphs-tutorials.md","kept"
008,64,read_index,"Emigre: Past Projects","https://www.emigre.com/PastProjects","/tmp/design-study/auto-v5/design/a-20260604-013306-q8D-emigre-past-projects.md","kept"
008,65,deep_read,"When Words Cannot Describe: Designing For AI Beyond Conversational Interfaces","https://www.smashingmagazine.com/2024/02/designing-ai-beyond-conversational-interfaces","/tmp/design-study/auto-v5/design/a-20260603-182025-q9D-when-words-cannot-describe-designing-for-ai-beyon.md","kept"
008,66,deep_read,"The Complex But Awesome CSS border-image Property","https://www.smashingmagazine.com/2024/01/css-border-image-property","/tmp/design-study/auto-v5/design/a-20260603-173451-q9D-the-complex-but-awesome-css-border-image-property.md","kept"
008,67,deep_read,"Mastering Typography In Logo Design","https://www.smashingmagazine.com/2024/08/mastering-typography-in-logo-design","/tmp/design-study/auto-v5/design/a-20260603-210630-q9D-mastering-typography-in-logo-design.md","kept"
008,68,deep_read,"Human-Centered Design Through AI-Assisted Usability Testing: Reality Or Fiction?","https://www.smashingmagazine.com/2025/02/human-centered-design-ai-assisted-usability-testing","/tmp/design-study/auto-v5/design/a-20260604-011824-q9D-human-centered-design-through-ai-assisted-usabilit.md","kept"
008,69,deep_read,"Iconography In Design Systems: Easy Troubleshooting And Maintenance","https://www.smashingmagazine.com/2024/04/iconography-design-systems-troubleshooting-maintenance","/tmp/design-study/auto-v5/design/a-20260603-173912-q9D-iconography-in-design-systems-easy-troubleshootin.md","kept"
008,70,skimmed_license,"Emigre: License - Game","https://www.emigre.com/License/Game","/tmp/design-study/auto-v5/design/a-20260604-005049-q8D-emigre-license-game.md","kept"
008,71,deep_read,"Creating The Moving Highlight Navigation Bar With JavaScript And CSS","https://www.smashingmagazine.com/2025/06/creating-moving-highlight-navigation-bar-javascript-css","/tmp/design-study/auto-v5/design/a-20260603-152612-q9D-creating-the-moving-highlight-navigation-bar-wit.md","kept"
008,72,deep_read,"Creating a Microsoft color font (CPAL/COLR)","https://glyphsapp.com/learn/creating-a-microsoft-color-font","/tmp/design-study/auto-v5/design/a-20260604-002727-q9D-creating-a-microsoft-color-font-cpal-colr.md","kept"
008,73,skimmed_product,"Emigre: Democratica Font Family","https://www.emigre.com/Fonts/Democratica","/tmp/design-study/auto-v5/design/a-20260603-230308-q8D-emigre-democratica-font-family.md","kept"
008,74,skimmed_product,"Emigre: Oblong Font Family","https://www.emigre.com/Fonts/Oblong","/tmp/design-study/auto-v5/design/a-20260604-013112-q8D-emigre-oblong-font-family.md","kept"
009,75,deep_read,"AD Classics: Montreal Biosphere / Buckminster Fuller","http://www.archdaily.com/572135/ad-classics-montreal-biosphere-buckminster-fuller","/tmp/design-study/auto-v5/design/a-20260603-210037-q9D-ad-classics-montreal-biosphere-buckminster-full.md","kept"
009,76,read_index,"Typographica","https://typographica.org/","/Users/nothingfear/overnight-ai-aesthetic/out/a-c1-20260603-133338-q91-typographica.md","kept"
009,77,deep_read,"Do Gender-Neutral Pronouns Need Their Own Glyphs?","https://eyeondesign.aiga.org/do-gender-neutral-pronouns-need-their-own-glyphs/","/Users/nothingfear/overnight-ai-aesthetic/out/a-c2-20260603-095127-q94-do-gender-neutral-pronouns-need-their-own-glyphs-8.md","kept"
009,78,deep_read,"The Y2K Aesthetic is Fully Back, but Can It Stick Around?","https://eyeondesign.aiga.org/the-y2k-aesthetic-is-fully-back-but-can-it-stick-around/","/Users/nothingfear/overnight-ai-aesthetic/out/a-c2-20260603-095151-q93-the-y2k-aesthetic-is-fully-back-but-can-it-stick-a.md","kept"
009,79,deep_read,"The Liberatory Potential of Teaching Design from a Body in Pain","https://eyeondesign.aiga.org/the-liberatory-potential-of-teaching-design-from-a-body-in-pain/","/Users/nothingfear/overnight-ai-aesthetic/out/a-c2-20260603-095206-q94-the-liberatory-potential-of-teaching-design-from-a.md","kept"
009,80,deep_read,"Exploring Unfamiliar Histories of Visual Culture","https://eyeondesign.aiga.org/exploring-unfamiliar-histories-of-visual-culture-four-corners-books-shares-its-favorite-publications/","/Users/nothingfear/overnight-ai-aesthetic/out/a-c2-20260603-095222-q92-exploring-unfamiliar-histories-of-visual-culture-f.md","kept"
009,81,deep_read,"The Collaborative Spirit Behind Brian Eno's Record Sleeve Designs","https://eyeondesign.aiga.org/the-collaborative-spirit-behind-brian-enos-record-sleeve-designs/","/Users/nothingfear/overnight-ai-aesthetic/out/a-c2-20260603-095254-q94-the-collaborative-spirit-behind-brian-eno-s-record.md","kept"
009,82,deep_read,"Five Beautiful Book Covers and the Stories Behind Them","https://eyeondesign.aiga.org/five-beautiful-book-covers-and-the-stories-behind-them/","/Users/nothingfear/overnight-ai-aesthetic/out/a-c2-20260603-095309-q94-five-beautiful-book-covers-and-the-stories-behind-.md","kept"
009,83,deep_read,"In CAPS LOCK, Ruben Pater Untangles the Relationship Between Graphic Design and Capitalism","https://eyeondesign.aiga.org/in-caps-lock-ruben-pater-untangles-the-relationship-between-graphic-design-and-capitalism/","/Users/nothingfear/overnight-ai-aesthetic/out/a-20260603-033536-q84-in-caps-lock-ruben-pater-untangles-the-relationshi.md","kept"
009,84,deep_read,"What Would a Feminist Alexa Look, or Rather Sound, Like?","https://eyeondesign.aiga.org/what-would-a-feminist-alexa-look-or-rather-sound-like/","/Users/nothingfear/overnight-ai-aesthetic/out/a-c2-20260603-095340-q96-what-would-a-feminist-alexa-look-or-rather-sound-l.md","kept"
009,85,deep_read,"Every Design Studio Should Be a Worker-Owned Studio","https://eyeondesign.aiga.org/every-design-studio-should-be-a-worker-owned-studio/","/Users/nothingfear/overnight-ai-aesthetic/out/a-c2-20260603-095412-q94-every-design-studio-should-be-a-worker-owned-studi.md","kept"
009,86,deep_read,"The Evolving Legacy of Ken Garland's First Things First Manifesto","https://eyeondesign.aiga.org/why-ken-garlands-first-things-first-manifesto-keeps-getting-updated/","/Users/nothingfear/overnight-ai-aesthetic/out/a-c2-20260603-095428-q94-the-evolving-legacy-of-ken-garland-s-first-things-.md","kept"
009,87,deep_read,"A Font Inspired by Egyptian Streets That Addresses a Problem for Arabic Designers","https://eyeondesign.aiga.org/a-font-inspired-by-egyptian-streets-that-addresses-a-big-problem-for-arabic-designers/","/Users/nothingfear/overnight-ai-aesthetic/out/a-c2-20260603-095507-q92-a-font-inspired-by-egyptian-streets-that-addresses.md","kept"
009,88,deep_read,"A Design Studio Rebranded Carp. But Can a Fish Be a Brand?","https://eyeondesign.aiga.org/a-design-studio-has-rebranded-carp-but-can-a-fish-be-a-brand/","/Users/nothingfear/overnight-ai-aesthetic/out/a-c2-20260603-095523-q95-a-design-studio-rebranded-carp-but-can-a-fish-be-a.md","kept"
009,89,deep_read,"Steven Heller Gets Personal in His New Autobiography Growing Up Underground","https://eyeondesign.aiga.org/why-i-write-steven-heller-remembers-growing-up-underground/","/Users/nothingfear/overnight-ai-aesthetic/out/a-c2-20260603-095531-q96-steven-heller-gets-personal-in-his-new-autobiograp.md","kept"
009,90,deep_read,"Multimedia Artist Jaime Levy Was at the Forefront of Web Design Before Websites Even Existed","https://eyeondesign.aiga.org/multimedia-artist-jaime-levy-was-at-the-forefront-of-web-design-before-websites-even-existed/","/Users/nothingfear/overnight-ai-aesthetic/out/a-c2-20260603-095602-q92-multimedia-artist-jaime-levy-was-at-the-forefront-.md","kept"
009,91,deep_read,"Design For and From Communities: Bahia Shehab on A History of Arab Graphic Design","https://eyeondesign.aiga.org/design-for-and-from-communities-bahia-shehab-on-a-history-of-arab-graphic-design/","/Users/nothingfear/overnight-ai-aesthetic/out/a-c2-20260603-095641-q94-design-for-and-from-communities-bahia-shehab-on-a-.md","kept"
009,92,deep_read,"How a Lifestyle Magazine Became a Form of Everyday Resistance in Post-Stalinist Poland","https://eyeondesign.aiga.org/tyija/","/Users/nothingfear/overnight-ai-aesthetic/out/a-c2-20260603-095649-q93-how-a-lifestyle-magazine-became-a-form-of-everyday.md","kept"
009,93,deep_read,"The Cost of Free Love and the Designers Who Bore It: Women of Psychedelic Design","https://eyeondesign.aiga.org/women-of-psychedelic-design/","/Users/nothingfear/overnight-ai-aesthetic/out/a-c2-20260603-095706-q96-the-cost-of-free-love-and-the-designers-who-bore-i.md","kept"
009,94,deep_read,"How the Maharaja Mascot Became Air-India's Adventurous, Yet Controversial, Design Star","https://eyeondesign.aiga.org/how-the-maharaja-mascot-became-air-indias-adventurous-yet-contentious-star/","/Users/nothingfear/overnight-ai-aesthetic/out/a-c2-20260603-095729-q94-how-the-maharaja-mascot-became-air-india-s-adventu.md","kept"
009,95,deep_read,"Are Membership Models the Future of Independent Media?","https://eyeondesign.aiga.org/are-membership-models-the-future-of-independent-media/","/Users/nothingfear/overnight-ai-aesthetic/out/a-c2-20260603-095735-q95-are-membership-models-the-future-of-independent-me.md","kept"
009,96,deep_read,"When the Struggle is Part of the Process","https://eyeondesign.aiga.org/when-the-struggle-is-part-of-the-process/","/Users/nothingfear/overnight-ai-aesthetic/out/a-c2-20260603-095833-q94-when-the-struggle-is-part-of-the-process-8211-eye-.md","kept"
009,97,deep_read,"MIT Media Lab Just Taught Us the Latest Design Terms","https://eyeondesign.aiga.org/mit-media-lab-just-taught-us-the-2-latest-design-terms/","/Users/nothingfear/overnight-ai-aesthetic/out/a-c1-20260603-035418-q83-mit-media-lab-just-taught-us-the-latest-design-ter.md","kept"
009,98,deep_read,"Here's a Thought: What if Letterforms Had More Serifs?","https://eyeondesign.aiga.org/heres-a-thought-what-if-there-arent-enough-serifs/","/Users/nothingfear/overnight-ai-aesthetic/out/a-c1-20260603-035437-q83-here-s-a-thought-what-if-letterforms-had-more-seri.md","kept"
009,99,deep_read,"In the '70s, Kamal Shedge's Lettering Became an Indispensable Part of Life and Culture in India","https://eyeondesign.aiga.org/in-the-70s-kamal-shedges-lettering-became-an-indispensable-part-of-life-and-culture-in-india/","/Users/nothingfear/overnight-ai-aesthetic/out/a-c1-20260603-035459-q84-in-the-70s-kamal-shedge-s-lettering-became-an-indi.md","kept"
009,100,deep_read,"Is It Art, or Is It Type? What We Learn When Language is Built, Not Written","https://eyeondesign.aiga.org/is-it-art-or-is-it-type-what-we-learn-when-language-is-built-not-written/","/Users/nothingfear/overnight-ai-aesthetic/out/a-c1-20260603-035509-q85-is-it-art-or-is-it-type-what-we-learn-when-languag.md","kept"
010,101,deep_read,"Timezone Is a Workhorse of a Font Inspired by the Heyday of Digital Type Design","https://eyeondesign.aiga.org/timezone-is-a-workhorse-of-a-font-inspired-by-the-heyday-of-digital-type-design/","/Users/nothingfear/overnight-ai-aesthetic/out/a-c1-20260603-035513-q83-timezone-is-a-workhorse-of-a-font-inspired-by-the-.md","kept"
010,102,deep_read,"It's Nice That's Ones to Watch 2025","https://www.itsnicethat.com/ones-to-watch-2025-showcase","/Users/nothingfear/overnight-ai-aesthetic/out/a-c1-20260603-035523-q81-it-s-nice-that-s-ones-to-watch-2025.md","kept"
010,103,deep_read,"UX Hierarchy: How Users Actually Scan Pages in 2026","https://webdesignerdepot.com/ux-hierarchy-how-users-actually-scan-pages-in-2026/","/Users/nothingfear/overnight-ai-aesthetic/out/a-c4-20260603-172127-q100-ux-hierarchy-how-users-actually-scan-pages-in-2026.md","kept"
010,104,deep_read,"The Great Replatforming: WordPress Is Training Its Own Replacement","https://webdesignerdepot.com/the-great-replatforming-wordpress-in-the-era-of-ai/","/Users/nothingfear/overnight-ai-aesthetic/out/a-c4-20260603-172146-q98-the-great-replatforming-wordpress-is-training-its-.md","kept"
010,105,deep_read,"The Evolution of the Buy Button: 1995-2026","https://webdesignerdepot.com/the-evolution-of-the-buy-button-1995-2026/","/Users/nothingfear/overnight-ai-aesthetic/out/a-c4-20260603-172154-q99-the-evolution-of-the-quot-buy-quot-button-1995-202.md","kept"
010,106,deep_read,"20 Useless Websites to Waste Your Time","https://webdesignerdepot.com/20-useless-websites-to-waste-your-time/","/Users/nothingfear/overnight-ai-aesthetic/out/a-c4-20260603-172204-q100-20-useless-websites-to-waste-your-time.md","kept"
010,107,deep_read,"7 Best Design Tools & Resources for Faster Web Builds in 2026","https://webdesignerdepot.com/web-design-tools-and-resources-faster-builds-2026/","/Users/nothingfear/overnight-ai-aesthetic/out/a-c4-20260603-172215-q99-7-best-design-tools-amp-resources-for-faster-web-b.md","kept"
010,108,deep_read,"How Junior Web Designers Use Google Maps to Generate Cash","https://webdesignerdepot.com/how-junior-web-designers-use-google-maps-to-generate-cash/","/Users/nothingfear/overnight-ai-aesthetic/out/a-c4-20260603-172231-q99-how-junior-web-designers-use-google-maps-to-genera.md","kept"
010,109,deep_read,"The End of Static Design: Living in the Era of Liquid UI","https://webdesignerdepot.com/the-end-of-static-design-living-in-the-era-of-liquid-ui/","/Users/nothingfear/overnight-ai-aesthetic/out/a-c4-20260603-172241-q100-the-end-of-static-design-living-in-the-era-of-liqu.md","kept"
010,110,deep_read,"The UX Case Study of a Refrigerator","https://webdesignerdepot.com/the-ux-case-study-of-a-refrigerator/","/Users/nothingfear/overnight-ai-aesthetic/out/a-c4-20260603-172250-q100-the-ux-case-study-of-a-refrigerator.md","kept"
010,111,deep_read,"Stop Designing for Delighted Users and Start Designing for Cognitive Strain","https://webdesignerdepot.com/stop-designing-for-delighted-users-and-start-designing-for-cognitive-strain/","/Users/nothingfear/overnight-ai-aesthetic/out/a-c4-20260603-172319-q100-stop-designing-for-delighted-users-and-start-desig.md","kept"
010,112,deep_read,"The Death of the Front Door: Why the Home Page is a Legacy Pattern","https://webdesignerdepot.com/the-death-of-the-front-door-why-the-home-page-is-a-legacy-pattern/","/Users/nothingfear/overnight-ai-aesthetic/out/a-c4-20260603-172324-q100-the-death-of-the-front-door-why-the-quot-home-page.md","kept"
010,113,deep_read,"How Aspect Ratios Define Perception, Rhythm, and Flow","https://webdesignerdepot.com/how-aspect-ratios-define-perception-rhythm-and-flow/","/Users/nothingfear/overnight-ai-aesthetic/out/a-c4-20260603-172336-q100-how-aspect-ratios-define-perception-rhythm-and-flo.md","kept"
010,114,deep_read,"7 Practical Ways AI is Rewriting the UI Design Playbook and 3 Ways It's Not","https://webdesignerdepot.com/7-practical-ways-ai-is-rewriting-the-ui-design-playbook-and-3-ways-its-not/","/Users/nothingfear/overnight-ai-aesthetic/out/a-c4-20260603-172343-q100-7-practical-ways-ai-is-rewriting-the-ui-design-pla.md","kept"
010,115,read_index,"Sitemap | Web Designer Depot","http://webdesignerdepot.com/sitemap/","/Users/nothingfear/overnight-ai-aesthetic/out/a-c4-20260603-172357-q94-sitemap-web-designer-depot.md","kept"
010,116,read_index,"Exciting New Tools for Designers, January 2026","https://webdesignerdepot.com/exciting-new-tools-for-designers-january-2026/","/Users/nothingfear/overnight-ai-aesthetic/out/a-c4-20260603-172433-q100-exciting-new-tools-for-designers-january-2026.md","kept"
010,117,deep_read,"The 7 Stages of Pushing Pixels: From Hope to Existential Dread","https://webdesignerdepot.com/the-7-stages-of-pushing-pixels-from-hope-to-existential-dread/","/Users/nothingfear/overnight-ai-aesthetic/out/a-c4-20260603-172453-q100-the-7-stages-of-pushing-pixels-from-hope-to-existe.md","kept"
010,118,deep_read,"40 Best New Websites, 2024","https://webdesignerdepot.com/40-best-new-websites-2024/","/Users/nothingfear/overnight-ai-aesthetic/out/a-c4-20260603-172554-q100-40-best-new-websites-2024.md","kept"
010,119,read_index,"Typographica Feed","https://typographica.org/feed/","/Users/nothingfear/overnight-ai-aesthetic/out/a-c3-20260603-100301-q81-typographica.md","kept"
010,120,read_index,"Web Designer Depot WP JSON","https://webdesignerdepot.com/wp-json/","/Users/nothingfear/overnight-ai-aesthetic/out/a-c4-20260603-172053-q86-https-webdesignerdepot-com-wp-json.md","kept"
010,121,deep_read,"Why Ghost Buttons are the Ultimate Conversion Killer","https://webdesignerdepot.com/why-ghost-buttons-are-the-ultimate-conversion-killer/","/Users/nothingfear/overnight-ai-aesthetic/out/a-c4-20260603-172136-q100-why-ghost-buttons-are-the-ultimate-conversion-kill.md","kept"
010,122,deep_read,"How Heart-Shaped Frames Became a Symbol of Reclaimed Femininity and a Non-binary Fashion Staple","https://eyeondesign.aiga.org/how-heart-shaped-frames-became-a-symbol-of-reclaimed-femininity-and-a-non-binary-fashion-staple/","/Users/nothingfear/overnight-ai-aesthetic/out/a-c2-20260603-095238-q95-how-heart-shaped-frames-became-a-symbol-of-reclaim.md","kept"
010,123,deep_read,"Why Did So Many Mid-Century Designers Make Children's Books?","https://eyeondesign.aiga.org/why-did-so-many-mid-century-designers-make-childrens-books/","/Users/nothingfear/overnight-ai-aesthetic/out/a-c2-20260603-095721-q94-why-did-so-many-mid-century-designers-make-childre.md","kept"
010,124,deep_read,"12 Reasons Claude is Outperforming ChatGPT in My Daily Workflow","https://webdesignerdepot.com/12-reasons-claude-is-outperforming-chatgpt-in-my-daily-workflow/","/Users/nothingfear/overnight-ai-aesthetic/out/a-c4-20260603-172226-q100-12-reasons-claude-is-outperforming-chatgpt-in-my-d.md","kept"
010,125,deep_read,"10 Ways to Pretend You're Not Just Copying Other Designers","https://webdesignerdepot.com/10-ways-to-pretend-youre-not-just-copying-other-designers/","/Users/nothingfear/overnight-ai-aesthetic/out/a-c4-20260603-172503-q100-10-ways-to-pretend-you-re-not-just-copying-other-d.md","kept"
010,126,deep_read,"Neebinnaukzhik Neebin Southall","https://typographica.org/on-typography/interview/neebinnaukzhik-neebin-southall/","/Users/nothingfear/overnight-ai-aesthetic/out/a-c1-20260603-042327-q88-neebinnaukzhik-neebin-southall-8211-typographica.md","kept"
011,127,deep_read,"How Designers Gaslight Users with Microcopy","https://webdesignerdepot.com/how-designers-gaslight-users-with-microcopy/","/Users/nothingfear/overnight-ai-aesthetic/out/a-c4-20260603-172439-q100-how-designers-gaslight-users-with-microcopy.md","kept"
011,128,deep_read,"Exciting New Tools for Designers, March 2025","https://webdesignerdepot.com/exciting-new-tools-for-designers-march-2025/","/Users/nothingfear/overnight-ai-aesthetic/out/a-c4-20260603-172513-q100-exciting-new-tools-for-designers-march-2025.md","kept"
011,129,deep_read,"Montreal Designers Par Hasard Just Want their Clients to Have Fun","https://eyeondesign.aiga.org/montreal-designers-par-hasard-just-want-their-clients-to-have-fun/","/Users/nothingfear/overnight-ai-aesthetic/out/a-c2-20260603-095056-q91-montreal-designers-par-hasard-just-want-their-clie.md","kept"
011,130,deep_read,"3 Essential Design Trends, January 2025","https://webdesignerdepot.com/3-essential-design-trends-january-2025/","/Users/nothingfear/overnight-ai-aesthetic/out/a-c4-20260603-172529-q100-3-essential-design-trends-january-2025.md","kept"
011,131,read_index,"Web Design Blog | Web Designer Depot","https://webdesignerdepot.com/","/Users/nothingfear/overnight-ai-aesthetic/out/a-c1-20260603-040056-q77-web-design-blog-web-designer-depot.md","kept"
011,132,read_index,"Web Design Blog | Web Designer Depot","https://webdesignerdepot.com","/Users/nothingfear/overnight-ai-aesthetic/out/a-c1-20260603-040107-q77-web-design-blog-web-designer-depot.md","kept"
011,133,read_index,"It's Nice That | Project + Creatives","https://www.itsnicethat.com/projects-creatives","/Users/nothingfear/overnight-ai-aesthetic/out/a-c3-20260603-171706-q90-it-x27-s-nice-that-project-creatives.md","kept"
011,134,deep_read,"Typographica is Twenty Years Old","https://typographica.org/on-typography/typographica-is-twenty-years-old/","/Users/nothingfear/overnight-ai-aesthetic/out/a-c5-20260603-180508-q91-typographica-is-twenty-years-old-8211-typographica.md","kept"
011,135,deep_read,"Exciting New Tools For Designers, January 2025","https://webdesignerdepot.com/exciting-new-tools-for-designers-january-2025/","/Users/nothingfear/overnight-ai-aesthetic/out/a-c4-20260603-172534-q99-exciting-new-tools-for-designers-january-2025.md","kept"
011,136,read_index,"Typography - Eye on Design","https://eyeondesign.aiga.org/category/typography/","/Users/nothingfear/overnight-ai-aesthetic/out/a-c1-20260603-133305-q75-typography-8211-eye-on-design.md","kept"
011,137,read_index,"Typography - Eye on Design","https://eyeondesign.aiga.org/category/design/typography/","/Users/nothingfear/overnight-ai-aesthetic/out/a-c2-20260603-095135-q75-typography-8211-eye-on-design.md","kept"
011,138,deep_read,"Kiehl's Unveils Pubic Display Type","https://webdesignerdepot.com/kiehls-unveils-pubic-display-type-the-font-we-never-knew-we-needed-but-apparently-do/","/Users/nothingfear/overnight-ai-aesthetic/out/a-c4-20260603-172524-q98-kiehl-039-s-unveils-quot-pubic-display-type-quot-t.md","kept"
011,139,read_index,"Design + Gender - Eye on Design","https://eyeondesign.aiga.org/category/design-plus/design-gender/","/Users/nothingfear/overnight-ai-aesthetic/out/a-c2-20260603-095348-q81-design-gender-8211-eye-on-design.md","kept"
011,140,read_index,"Design + Ecology - Eye on Design","https://eyeondesign.aiga.org/category/design-plus/design-ecology/","/Users/nothingfear/overnight-ai-aesthetic/out/a-c2-20260603-095451-q82-design-ecology-8211-eye-on-design.md","kept"
011,141,read_index,"Design + Politics - Eye on Design","https://eyeondesign.aiga.org/category/design-plus/design-plus-politics/","/Users/nothingfear/overnight-ai-aesthetic/out/a-20260603-033619-q79-design-politics-8211-eye-on-design.md","kept"
011,142,read_index,"Design + Mental Health - Eye on Design","https://eyeondesign.aiga.org/category/design-plus/design-mental-health/","/Users/nothingfear/overnight-ai-aesthetic/out/a-c1-20260603-035309-q81-design-mental-health-8211-eye-on-design.md","kept"
011,143,deep_read,"Spotify's Secret Star Wars Easter Egg: The Hidden Lightsaber Feature","https://webdesignerdepot.com/spotifys-secret-star-wars-easter-egg-the-hidden-lightsaber-feature/","/Users/nothingfear/overnight-ai-aesthetic/out/a-c4-20260603-172542-q89-spotify-039-s-secret-star-wars-easter-egg-the-hidd.md","kept"
011,144,read_index,"Magazines - Eye on Design","https://eyeondesign.aiga.org/category/design/magazines/","/Users/nothingfear/overnight-ai-aesthetic/out/a-c2-20260603-095743-q82-magazines-8211-eye-on-design.md","kept"
011,145,read_index,"Illustration - Eye on Design","https://eyeondesign.aiga.org/category/design/illustration/","/Users/nothingfear/overnight-ai-aesthetic/out/a-c1-20260603-035305-q80-illustration-8211-eye-on-design.md","kept"
011,146,read_index,"Design + Diversity - Eye on Design","https://eyeondesign.aiga.org/category/design-plus/design-plus-diversity/","/Users/nothingfear/overnight-ai-aesthetic/out/a-c2-20260603-095906-q79-design-diversity-8211-eye-on-design.md","kept"
011,147,read_index,"Graphic design - Eye on Design","https://eyeondesign.aiga.org/category/design/graphic-design/","/Users/nothingfear/overnight-ai-aesthetic/out/a-c2-20260603-095159-q79-graphic-design-8211-eye-on-design.md","kept"
011,148,read_index,"Design + Money - Eye on Design","https://eyeondesign.aiga.org/category/design-plus/design-and-money/","/Users/nothingfear/overnight-ai-aesthetic/out/a-20260603-033529-q80-design-money-8211-eye-on-design.md","kept"
011,149,deep_read,"Jim Parkinson, 1941-2025","https://typographica.org/on-typography/jim-parkinson-1941-2025/","/Users/nothingfear/overnight-ai-aesthetic/out/a-c5-20260603-180503-q96-jim-parkinson-1941-2025-8211-typographica.md","kept"
011,150,read_index,"Digital - Eye on Design","https://eyeondesign.aiga.org/category/design/digital/","/Users/nothingfear/overnight-ai-aesthetic/out/a-c1-20260603-035146-q76-digital-8211-eye-on-design.md","kept"
011,151,read_index,"Design + Music - Eye on Design","https://eyeondesign.aiga.org/category/design-plus/design-plus-music/","/Users/nothingfear/overnight-ai-aesthetic/out/a-c2-20260603-095302-q81-design-music-8211-eye-on-design.md","kept"
011,152,read_index,"Branding - Eye on Design","https://eyeondesign.aiga.org/category/design/branding/","/Users/nothingfear/overnight-ai-aesthetic/out/a-20260603-033404-q80-branding-8211-eye-on-design.md","kept"
011,153,read_index,"Op-ed - Eye on Design","https://eyeondesign.aiga.org/category/design/op-ed/","/Users/nothingfear/overnight-ai-aesthetic/out/a-20260603-033606-q81-op-ed-8211-eye-on-design.md","kept"
011,154,read_index,"Packaging design - Eye on Design","https://eyeondesign.aiga.org/category/design/packaging-design/","/Users/nothingfear/overnight-ai-aesthetic/out/a-20260603-033555-q81-packaging-design-8211-eye-on-design.md","kept"
012,155,read_index,Happy Hour &#8211; Eye on Design,https://eyeondesign.aiga.org/category/design-series/happy-hour/,/Users/nothingfear/overnight-ai-aesthetic/out/a-c1-20260603-035348-q79-happy-hour-8211-eye-on-design.md,kept
012,156,deep_read,Silver Linings,https://www.pentagram.com/work/silver-linings,/Users/nothingfear/overnight-ai-aesthetic/out/a-c6-20260603-183315-q94-silver-linings.md,kept
012,157,deep_read,Saturday Night Live Season 48,https://www.pentagram.com/work/saturday-night-live-season-48/story,/Users/nothingfear/overnight-ai-aesthetic/out/a-c6-20260603-115916-q97-saturday-night-live-season-48.md,kept
012,158,deep_read,SC,https://www.pentagram.com/work/sc,/Users/nothingfear/overnight-ai-aesthetic/out/a-c6-20260603-183415-q92-sc.md,kept
012,159,read_index,Pentagram,https://www.pentagram.com/non-profits,/Users/nothingfear/overnight-ai-aesthetic/out/a-c6-20260603-183056-q97-pentagram.md,kept
012,160,read_index,News,https://www.pentagram.com/news,/Users/nothingfear/overnight-ai-aesthetic/out/a-c1-20260603-133413-q87-news.md,kept
012,161,read_index,Pentagram,https://www.pentagram.com/consumer-brands,/Users/nothingfear/overnight-ai-aesthetic/out/a-c6-20260603-183122-q100-pentagram.md,kept
012,162,read_index,Pentagram,https://www.pentagram.com/civic-public,/Users/nothingfear/overnight-ai-aesthetic/out/a-c6-20260603-183101-q99-pentagram.md,kept
012,163,deep_read,Washington Square Park Conservancy,https://www.pentagram.com/work/washington-square-park-conservancy,/Users/nothingfear/overnight-ai-aesthetic/out/a-c6-20260603-183406-q90-washington-square-park-conservancy.md,kept
012,164,read_index,Pentagram,https://www.pentagram.com/education,/Users/nothingfear/overnight-ai-aesthetic/out/a-c6-20260603-183142-q95-pentagram.md,kept
012,165,read_index,Pentagram,https://www.pentagram.com/health,/Users/nothingfear/overnight-ai-aesthetic/out/a-c6-20260603-183045-q90-pentagram.md,kept
012,166,deep_read,Eddie Opara,https://www.pentagram.com/about/eddie-opara,/Users/nothingfear/overnight-ai-aesthetic/out/a-c6-20260603-120026-q91-eddie-opara.md,kept
012,167,read_index,Pentagram,https://www.pentagram.com/food-drink,/Users/nothingfear/overnight-ai-aesthetic/out/a-c6-20260603-183130-q85-pentagram.md,kept
012,168,deep_read,Green-Wood Cemetery,https://www.pentagram.com/work/green-wood-cemetery,/Users/nothingfear/overnight-ai-aesthetic/out/a-c6-20260603-183437-q87-green-wood-cemetery.md,kept
012,169,deep_read,How Hjärta Smärta Challenged the Male-Dominated Status Quo in the Early 2000s &#8211; Eye ,https://eyeondesign.aiga.org/how-hjarta-smarta-challenged-the-male-dominated-status-quo-in-the-early-2000s/,/Users/nothingfear/overnight-ai-aesthetic/out/a-c1-20260603-035136-q83-how-hj-rta-sm-rta-challenged-the-male-dominated-st.md,kept
012,170,deep_read,Silvana is a Beautiful New Font Where a “Mistake Is Turned Into a Design Detail” &#8211; E,https://eyeondesign.aiga.org/silvana-is-a-beautiful-new-font-where-a-mistake-is-turned-into-a-design-detail/,/Users/nothingfear/overnight-ai-aesthetic/out/a-c1-20260603-035428-q83-silvana-is-a-beautiful-new-font-where-a-mistake-is.md,kept
012,171,deep_read,"More Than Just a “Sexy Specimen,” Good Girl 2.0 Still Isn’t Afraid to Take Up Space &#8211",https://eyeondesign.aiga.org/more-than-just-a-sexy-specimen-good-girl-2-0-isnt-afraid-to-take-up-space/,/Users/nothingfear/overnight-ai-aesthetic/out/a-c1-20260603-035432-q83-more-than-just-a-sexy-specimen-good-girl-2-0-still.md,kept
012,172,deep_read,"Meet Ange Degheest, Pioneering 20th-Century Female Type Designer &#8211; Eye on Design",https://eyeondesign.aiga.org/presenting-ange-degheest-pioneering-20th-century-female-type-designer/,/Users/nothingfear/overnight-ai-aesthetic/out/a-c1-20260603-035443-q83-meet-ange-degheest-pioneering-20th-century-female-.md,kept
012,173,deep_read,"“An Unconventional Scrawl” of a Font, Designed to Look as If It Were Drawn With Feet &#821",https://eyeondesign.aiga.org/an-unconventional-scrawl-of-a-font-designed-to-look-as-if-it-were-drawn-with-feet/,/Users/nothingfear/overnight-ai-aesthetic/out/a-c1-20260603-035448-q83-an-unconventional-scrawl-of-a-font-designed-to-loo.md,kept
012,174,deep_read,Aureum Marries Victorian Ornamentation With the Organic Tendrils of Houseplants &#8211; Ey,https://eyeondesign.aiga.org/aureum-marries-victorian-ornamentation-with-the-organic-tendrils-of-houseplants/,/Users/nothingfear/overnight-ai-aesthetic/out/a-c1-20260603-035453-q83-aureum-marries-victorian-ornamentation-with-the-or.md,kept
012,175,deep_read,How Sanctuary Computer Uses Transparency to Make a Better Workplace &#8211; Eye on Design,https://eyeondesign.aiga.org/how-sanctuary-computer-uses-transparency-to-make-a-better-workplace/,/Users/nothingfear/overnight-ai-aesthetic/out/a-c1-20260603-035518-q84-how-sanctuary-computer-uses-transparency-to-make-a.md,kept
012,176,deep_read,Final Fantasy 7 Rebirth review: an incredible RPG that's almost too big for Switch 2 | Cre,https://www.creativebloq.com/entertainment/gaming/final-fantasy-7-rebirth-review-an-incredible-rpg-thats-almost-too-big-for-switch-2,/Users/nothingfear/overnight-ai-aesthetic/out/a-c1-20260603-035958-q80-final-fantasy-7-rebirth-review-an-incredible-rpg-t.md,kept
012,177,deep_read,Why Birmingham Design Festival 2026 might be the UK&rsquo;s most exciting creative event t,https://www.creativebloq.com/events/why-birmingham-design-festival-2026-might-be-the-uks-most-exciting-creative-event-this-summer,/Users/nothingfear/overnight-ai-aesthetic/out/a-c1-20260603-040011-q80-why-birmingham-design-festival-2026-might-be-the-u.md,kept
012,178,deep_read,Necrophosis: Full Consciousness review &ndash; unsettling art direction elevates shallow p,https://www.creativebloq.com/entertainment/gaming/necrophosis-full-consciousness-review-unsettling-art-direction-elevates-shallow-puzzles,/Users/nothingfear/overnight-ai-aesthetic/out/a-c1-20260603-040028-q80-necrophosis-full-consciousness-review-ndash-unsett.md,kept
012,179,deep_read,"KPop Demon Hunters fans are fuming over Amazon's AI ""mockbuster"" | Creative Bloq",https://www.creativebloq.com/ai/ai-art/kpop-demon-hunters-fans-are-fuming-over-amazons-ai-animation-mockbuster,/Users/nothingfear/overnight-ai-aesthetic/out/a-c1-20260603-040032-q80-kpop-demon-hunters-fans-are-fuming-over-amazon-s-a.md,kept
012,180,deep_read,Cricut Joy 2 review: Teeny tiny but mighty powerful | Creative Bloq,https://www.creativebloq.com/creative-inspiration/digital-crafting/tested-cricuts-new-joy-2-machine-is-teeny-tiny-but-mighty-powerful-and-i-love-it,/Users/nothingfear/overnight-ai-aesthetic/out/a-c1-20260603-040037-q76-cricut-joy-2-review-teeny-tiny-but-mighty-powerful.md,kept
012,181,deep_read,Elizabeth Carey Smith &#8211; Typographica,https://typographica.org/on-typography/interview/elizabeth-carey-smith/,/Users/nothingfear/overnight-ai-aesthetic/out/a-c1-20260603-042323-q78-elizabeth-carey-smith-8211-typographica.md,kept
012,182,deep_read,Lessons From Swiss Style Graphic Design — Smashing Magazine,http://www.smashingmagazine.com/2009/07/17/lessons-from-swiss-style-graphic-design/,/Users/nothingfear/overnight-ai-aesthetic/out/a-c15-20260604-000236-q100-lessons-from-swiss-style-graphic-design-smashing-m.md,kept
012,183,duplicate_read,Lessons From Swiss Style Graphic Design — Smashing Magazine,https://www.smashingmagazine.com/2009/07/17/lessons-from-swiss-style-graphic-design/,/Users/nothingfear/overnight-ai-aesthetic/out/a-c15-20260604-000253-q100-lessons-from-swiss-style-graphic-design-smashing-m.md,kept
012,184,deep_read,Camera is Inspired by the Typographic Quirks of ’60s and ’70s TV Fonts — and “Cheese Holes,https://eyeondesign.aiga.org/camera-is-inspired-by-the-typographic-quirks-of-60s-and-70s-tv-fonts-and-cheese-holes/,/Users/nothingfear/overnight-ai-aesthetic/out/a-c1-20260603-035503-q83-camera-is-inspired-by-the-typographic-quirks-of-60.md,kept
013,185,deep_read,"How Lunar Strike builds a Moon from NASA data, ESA imagery and photogrammetry | Creative B",https://www.creativebloq.com/3d/video-game-design/how-lunar-strike-builds-a-moon-from-nasa-data-esa-imagery-and-photogrammetry,/Users/nothingfear/overnight-ai-aesthetic/out/a-c1-20260603-040013-q80-how-lunar-strike-builds-a-moon-from-nasa-data-esa-.md,kept
013,186,deep_read,Coorg Kannada Type Family Gives 50 Million Newspaper Readers a Reason to Smile &#8211; Eye,https://eyeondesign.aiga.org/coorg-kannada-type-family-gives-50-million-newspaper-readers-a-reason-to-smile/,/Users/nothingfear/overnight-ai-aesthetic/out/a-c1-20260603-035424-q82-coorg-kannada-type-family-gives-50-million-newspap.md,kept
013,187,read_index,Contact | It&#x27;s Nice That,https://www.itsnicethat.com/contact,/Users/nothingfear/overnight-ai-aesthetic/out/a-c1-20260603-035529-q81-contact-it-x27-s-nice-that.md,kept
013,188,deep_read,Your Prototype Is Not Being Honest With Your Users (And Here’s How To Fix It),https://www.smashingmagazine.com/2026/05/prototype-users-fix-protopie,/tmp/design-study/auto-v5/design/a-20260604-020634-q9D-your-prototype-is-not-being-honest-with-your-users.md,kept
013,189,deep_read,Edifier T5s review: a subwoofer that puts quality above volume | Creative Bloq,https://www.creativebloq.com/tech/peripherals/the-affordable-edifier-t5s-subwoofer-puts-quality-above-noise,/Users/nothingfear/overnight-ai-aesthetic/out/a-c1-20260603-040035-q80-edifier-t5s-review-a-subwoofer-that-puts-quality-a.md,kept
013,190,deep_read,"""The future is one person making a whole film,"" says director of AI movie that hijacked Ca",https://www.creativebloq.com/ai/the-future-is-one-person-making-a-whole-film-says-director-of-first-ai-movie-at-cannes,/Users/nothingfear/overnight-ai-aesthetic/out/a-c1-20260603-040034-q80-the-future-is-one-person-making-a-whole-film-says-.md,kept
013,191,read_index,Forward Thinking,https://www.itsnicethat.com/forward-thinking,/Users/nothingfear/overnight-ai-aesthetic/out/a-c1-20260603-035547-q80-forward-thinking.md,kept
013,192,deep_read,Will Nvidia RTX Spark laptops end the Mac vs Windows debate for creatives? | Creative Bloq,https://www.creativebloq.com/tech/laptops/will-nvidia-rtx-spark-laptops-end-the-mac-vs-windows-debate-for-creatives,/Users/nothingfear/overnight-ai-aesthetic/out/a-c1-20260603-040006-q80-will-nvidia-rtx-spark-laptops-end-the-mac-vs-windo.md,kept
013,193,read_index,Legal | Web Designer Depot,https://webdesignerdepot.com/legal/,/Users/nothingfear/overnight-ai-aesthetic/out/a-c1-20260603-040205-q81-legal-web-designer-depot.md,kept
013,194,deep_read,Paula Scher’s Mind-Bending Maps,https://www.printmag.com/designer-interviews/paula-scher-maps,/tmp/design-study/auto-v5/design/a-20260603-233723-q9D-paula-scher-s-mind-bending-maps.md,kept
013,195,deep_read,All the Taylor Swift x Toy Story 5 Easter Eggs so far | Creative Bloq,https://www.creativebloq.com/design/branding/all-the-taylor-swift-toy-story-5-easter-eggs-so-far,/Users/nothingfear/overnight-ai-aesthetic/out/a-c1-20260603-040019-q80-all-the-taylor-swift-x-toy-story-5-easter-eggs-so-.md,kept
013,196,read_index,Terms and Conditions| It&#x27;s Nice That,https://www.itsnicethat.com/terms-conditions,/Users/nothingfear/overnight-ai-aesthetic/out/a-c4-20260603-171740-q81-terms-and-conditions-it-x27-s-nice-that.md,kept
013,197,deep_read,These ingenious optical illusions are hiding in some of our favourite games | Creative Blo,https://www.creativebloq.com/3d/video-game-design/these-ingenious-optical-illusions-make-game-development-easier,/Users/nothingfear/overnight-ai-aesthetic/out/a-c1-20260603-040024-q80-these-ingenious-optical-illusions-are-hiding-in-so.md,kept
013,198,deep_read,How I kitted out my art studio in a small apartment in the Austrian Alps | Creative Bloq,https://www.creativebloq.com/art/digital-art/welcome-to-my-art-studio-in-the-austrian-alps,/Users/nothingfear/overnight-ai-aesthetic/out/a-c1-20260603-040022-q80-how-i-kitted-out-my-art-studio-in-a-small-apartmen.md,kept
013,199,read_index,First Thing I Ever Designed &#8211; Eye on Design,https://eyeondesign.aiga.org/category/design-series/first-thing-ever-designed/,/Users/nothingfear/overnight-ai-aesthetic/out/a-c2-20260603-095956-q82-first-thing-i-ever-designed-8211-eye-on-design.md,kept
013,200,read_index,Design History 101 &#8211; Eye on Design,https://eyeondesign.aiga.org/category/design-series/design-history-101/,/Users/nothingfear/overnight-ai-aesthetic/out/a-c2-20260603-095539-q80-design-history-101-8211-eye-on-design.md,kept
013,201,read_index,Design + Education &#8211; Eye on Design,https://eyeondesign.aiga.org/category/design-plus/design-plus-education/,/Users/nothingfear/overnight-ai-aesthetic/out/a-20260603-033440-q79-design-education-8211-eye-on-design.md,kept
013,202,read_index,Books &#8211; Eye on Design,https://eyeondesign.aiga.org/category/design/books/,/Users/nothingfear/overnight-ai-aesthetic/out/a-c2-20260603-095230-q81-books-8211-eye-on-design.md,kept
013,203,read_index,Design + Sexuality &#8211; Eye on Design,https://eyeondesign.aiga.org/category/design-plus/design-sex/,/Users/nothingfear/overnight-ai-aesthetic/out/a-c2-20260603-095914-q83-design-sexuality-8211-eye-on-design.md,kept
013,204,read_index,Work,https://www.pentagram.com/news/category/work,/Users/nothingfear/overnight-ai-aesthetic/out/a-c6-20260603-183206-q99-work.md,kept
013,205,read_index,Preview,https://www.pentagram.com/news/category/preview,/Users/nothingfear/overnight-ai-aesthetic/out/a-c6-20260603-183234-q95-preview.md,kept
013,206,deep_read,MedExpress,https://www.pentagram.com/work/medexpress,/Users/nothingfear/overnight-ai-aesthetic/out/a-c6-20260603-183310-q88-medexpress.md,kept
013,207,read_index,UX &amp; Usability | Web Designer Depot,https://webdesignerdepot.com/category/ux-usability/,/Users/nothingfear/overnight-ai-aesthetic/out/a-c4-20260603-172113-q99-ux-amp-usability-web-designer-depot.md,kept
013,208,read_index,Pentagram,https://www.pentagram.com/technology,/Users/nothingfear/overnight-ai-aesthetic/out/a-c6-20260603-183041-q92-pentagram.md,kept
013,209,read_index,Noah Davis | Web Designer Depot,https://webdesignerdepot.com/author/noahdavis/,/Users/nothingfear/overnight-ai-aesthetic/out/a-c4-20260603-172132-q98-noah-davis-web-designer-depot.md,kept
013,210,read_index,Alex Harper | Web Designer Depot,https://webdesignerdepot.com/author/alexharper/,/Users/nothingfear/overnight-ai-aesthetic/out/a-c4-20260603-172158-q95-alex-harper-web-designer-depot.md,kept
013,211,read_index,Simon Sterne | Web Designer Depot,https://webdesignerdepot.com/author/simon-sterne/,/Users/nothingfear/overnight-ai-aesthetic/out/a-c4-20260603-172208-q99-simon-sterne-web-designer-depot.md,kept
013,212,read_index,Visual &amp; UI Design | Web Designer Depot,https://webdesignerdepot.com/category/visual-ui-design/,/Users/nothingfear/overnight-ai-aesthetic/out/a-c4-20260603-172118-q95-visual-amp-ui-design-web-designer-depot.md,kept
013,213,read_index,Louise North | Web Designer Depot,https://webdesignerdepot.com/author/louise-north/,/Users/nothingfear/overnight-ai-aesthetic/out/a-c4-20260603-172141-q99-louise-north-web-designer-depot.md,kept
013,214,deep_read,Giorgia Lupi: Data Humanism at Gallerie d&#039;Italia,https://www.pentagram.com/work/giorgia-lupi-data-humanism-at-gallerie-d-italia,/Users/nothingfear/overnight-ai-aesthetic/out/a-c6-20260603-183424-q100-giorgia-lupi-data-humanism-at-gallerie-d-039-itali.md,kept
